matchday,date,home_team,away_team,home_goals,away_goals,winner,status
1,2026-08-21 19:00:00+00:00,Arsenal FC,Coventry City FC,3.0,0.0,HOME_TEAM,FINISHED
1,2026-08-22 11:30:00+00:00,Hull City AFC,Manchester United FC,2.0,0.0,HOME_TEAM,FINISHED
1,2026-08-22 14:00:00+00:00,Ipswich Town FC,Sunderland AFC,2.0,1.0,HOME_TEAM,FINISHED
1,2026-08-22 14:00:00+00:00,Nottingham Forest FC,Leeds United FC,0.0,1.0,AWAY_TEAM,FINISHED
1,2026-08-22 14:00:00+00:00,Everton FC,Crystal Palace FC,2.0,0.0,HOME_TEAM,FINISHED
1,2026-08-22 16:30:00+00:00,Brentford FC,Tottenham Hotspur FC,3.0,0.0,HOME_TEAM,FINISHED
1,2026-08-23 13:00:00+00:00,Manchester City FC,AFC Bournemouth,2.0,1.0,HOME_TEAM,FINISHED
1,2026-08-23 13:00:00+00:00,Brighton & Hove Albion FC,Aston Villa FC,4.0,0.0,HOME_TEAM,FINISHED
1,2026-08-23 15:30:00+00:00,Newcastle United FC,Liverpool FC,2.0,2.0,DRAW,FINISHED
1,2026-08-24 19:00:00+00:00,Fulham FC,Chelsea FC,2.0,3.0,AWAY_TEAM,FINISHED
2,2026-08-28 19:00:00+00:00,Crystal Palace FC,Manchester City FC,1.0,4.0,AWAY_TEAM,FINISHED
2,2026-08-29 11:30:00+00:00,Liverpool FC,Nottingham Forest FC,2.0,2.0,DRAW,FINISHED
2,2026-08-29 14:00:00+00:00,AFC Bournemouth,Everton FC,1.0,1.0,DRAW,FINISHED
2,2026-08-29 14:00:00+00:00,Coventry City FC,Hull City AFC,0.0,1.0,AWAY_TEAM,FINISHED
2,2026-08-29 16:30:00+00:00,Tottenham Hotspur FC,Newcastle United FC,0.0,2.0,AWAY_TEAM,FINISHED
2,2026-08-30 13:00:00+00:00,Sunderland AFC,Fulham FC,1.0,0.0,HOME_TEAM,FINISHED
2,2026-08-30 13:00:00+00:00,Chelsea FC,Brighton & Hove Albion FC,4.0,3.0,HOME_TEAM,FINISHED
2,2026-08-30 13:00:00+00:00,Leeds United FC,Brentford FC,1.0,1.0,DRAW,FINISHED
2,2026-08-30 15:30:00+00:00,Manchester United FC,Ipswich Town FC,5.0,2.0,HOME_TEAM,FINISHED
2,2026-08-31 19:00:00+00:00,Aston Villa FC,Arsenal FC,0.0,1.0,AWAY_TEAM,FINISHED
3,2026-09-04 19:00:00+00:00,Ipswich Town FC,Liverpool FC,0.0,2.0,AWAY_TEAM,FINISHED
3,2026-09-05 11:30:00+00:00,Newcastle United FC,AFC Bournemouth,2.0,2.0,DRAW,FINISHED
3,2026-09-05 14:00:00+00:00,Nottingham Forest FC,Tottenham Hotspur FC,0.0,0.0,DRAW,FINISHED
3,2026-09-05 14:00:00+00:00,Manchester City FC,Coventry City FC,1.0,0.0,HOME_TEAM,FINISHED
3,2026-09-05 14:00:00+00:00,Brighton & Hove Albion FC,Leeds United FC,1.0,1.0,DRAW,FINISHED
3,2026-09-05 14:00:00+00:00,Brentford FC,Sunderland AFC,1.0,1.0,DRAW,FINISHED
3,2026-09-05 14:00:00+00:00,Fulham FC,Crystal Palace FC,2.0,3.0,AWAY_TEAM,FINISHED
3,2026-09-05 16:30:00+00:00,Hull City AFC,Aston Villa FC,0.0,0.0,DRAW,FINISHED
3,2026-09-06 13:00:00+00:00,Everton FC,Manchester United FC,2.0,2.0,DRAW,FINISHED
3,2026-09-06 15:30:00+00:00,Arsenal FC,Chelsea FC,2.0,1.0,HOME_TEAM,FINISHED
4,2026-09-12 14:00:00+00:00,Crystal Palace FC,Ipswich Town FC,2.0,3.0,AWAY_TEAM,FINISHED
4,2026-09-12 14:00:00+00:00,Liverpool FC,Fulham FC,0.0,0.0,DRAW,FINISHED
4,2026-09-12 14:00:00+00:00,Aston Villa FC,Nottingham Forest FC,1.0,2.0,AWAY_TEAM,FINISHED
4,2026-09-12 14:00:00+00:00,AFC Bournemouth,Brentford FC,2.0,2.0,DRAW,FINISHED
4,2026-09-12 14:00:00+00:00,Chelsea FC,Hull City AFC,2.0,2.0,DRAW,FINISHED
4,2026-09-12 16:30:00+00:00,Tottenham Hotspur FC,Everton FC,0.0,0.0,DRAW,FINISHED
4,2026-09-12 19:00:00+00:00,Sunderland AFC,Arsenal FC,0.0,2.0,AWAY_TEAM,FINISHED
4,2026-09-13 13:00:00+00:00,Coventry City FC,Brighton & Hove Albion FC,0.0,5.0,AWAY_TEAM,FINISHED
4,2026-09-13 15:30:00+00:00,Manchester United FC,Manchester City FC,0.0,1.0,AWAY_TEAM,FINISHED
4,2026-09-14 19:00:00+00:00,Leeds United FC,Newcastle United FC,4.0,1.0,HOME_TEAM,FINISHED
